experiment_name,algorithm,run_id,accuracy,f1_score,precision,recall,roc_auc
RandomForest_Deep_200Trees,random_forest,d8da0484,0.7684,0.7742,0.8,0.75,0.836
RandomForest_Shallow_50Trees,random_forest,892e84bc,0.7647,0.773,0.7899,0.7569,0.8293
RandomForest_Medium_100Trees,random_forest,8c29677b,0.7647,0.7698,0.7985,0.7431,0.8381
SVM_RBF_Kernel,svm,5e74c33b,0.7537,0.7616,0.781,0.7431,0.8234
GradientBoosting_Slow_50Trees,gradient_boosting,28dec380,0.7426,0.7518,0.7681,0.7361,0.8252
LogisticRegression_Baseline,logistic_regression,4c0f7fd8,0.7353,0.7447,0.7609,0.7292,0.8116
LogisticRegression_L2_Weak,logistic_regression,1fba16de,0.7353,0.7447,0.7609,0.7292,0.8119
LogisticRegression_L2_Strong,logistic_regression,64d209e4,0.7316,0.7402,0.7591,0.7222,0.812
GradientBoosting_Fast_150Trees,gradient_boosting,1baedd3d,0.7279,0.7376,0.7536,0.7222,0.8054
GradientBoosting_Default_100Trees,gradient_boosting,69128499,0.7243,0.7312,0.7556,0.7083,0.8172
